option_id,symbol,economic_exposure_cluster,return_3s,active_return_5s,prior_16s_active_return,volatility_21s,max_drawdown_21s,volume_zscore_5v60,corr_spy_63s,beta_spy_63s,distance_52w_high
CASH,,capital_preservation,0.0,0.0047217957680246725,-0.006816330880941912,0.0,0.0,0.0,,0.0,
SHORT_TREASURY,BIL,capital_preservation,0.0003277480574341851,0.005268134104776778,-0.004540352666558167,0.002301101998297366,-0.00010938468901378062,0.026291243393222186,-0.22698965631263998,-0.00365202667135785,0.0
SP500,SPY,diversified_us_equity,-0.003250135205494442,0.0,0.0,0.117494936541462,-0.02376998718714518,-0.48620244282985675,1.0,1.0,-0.012325727512135232
TOTAL_US_MARKET,VTI,diversified_us_equity,-0.003049205046624981,0.00011464133811245336,-0.0007683818969972389,0.10863645191694421,-0.018184379476414048,-0.7197706617791032,0.992542836398035,0.9903893792912984,-0.01027686506440606
NASDAQ100,QQQ,technology_and_growth,0.004292104500722482,-0.010173550425358169,-0.03400856373173522,0.24859046385663627,-0.06011971951484518,-0.4343657230593325,0.918552533941641,1.720715793492453,-0.048797686474366886
LARGE_GROWTH,IWF,technology_and_growth,0.001072647574966723,-0.010696539654523218,-0.006491621775214229,0.22059306266168524,-0.041318320207893056,0.823010239229949,0.887353751941048,1.2852033566907501,-0.056947718156099
LARGE_VALUE,IWD,diversified_us_equity,-0.008097507488556643,0.00906488683197415,0.0104848606630501,0.1046424248477802,-0.010594184880659663,0.09629400066456721,0.7093253445479407,0.6441560544856776,-0.008097507488556643
MID_CAP,IJH,diversified_us_equity,-0.0035530550158777707,0.006706730616306555,-0.00958749857499619,0.12008420979479571,-0.03086496219140822,-0.8180287745134098,0.773564482894871,0.867240398992569,-0.01802618828486735
SMALL_CAP,IWM,diversified_us_equity,0.0032139524977201628,0.011614596392738208,-0.01046999502941015,0.11652344907618749,-0.027092741946132648,-0.7475405725339989,0.7882010190301703,1.11297626991832,-0.013013824274419106
SMALL_VALUE,IWN,diversified_us_equity,-0.005665041730590903,0.01979464397656916,0.005771906532227922,0.10018218924693015,-0.018309789468765825,-0.7969952834838614,0.6751525932163636,0.8002420234741521,-0.005665041730590903
DIVIDEND,SCHD,diversified_us_equity,-0.006658632403358511,0.023976420525622655,0.011904590412380234,0.12557420526581362,-0.011841728460839196,-0.10243619227559893,0.09637999796270584,0.08812851703259372,-0.006658632403358511
LOW_VOL,SPLV,diversified_us_equity,-0.013910736123487588,0.0041910524272879,0.03373098315470391,0.14880753261424853,-0.018850711179507984,-0.7951996802217858,-0.28918431597465616,-0.2981346015900246,-0.013910736123487588
MOMENTUM,MTUM,diversified_us_equity,0.0364853076385272,-0.011790584198335008,-0.062233971956456746,0.42955756272946394,-0.12493483787238324,1.575278129330382,0.7686018496856502,2.14782031771561,-0.08904463856577816
TECHNOLOGY,XLK,technology_and_growth,0.018364096599684743,-0.010744909456959828,-0.046521005666498416,0.32910037562186384,-0.08618265982103024,-0.8386400347711844,0.8440107361199933,2.1653622975399935,-0.08684957887523459
COMMUNICATIONS,XLC,technology_and_growth,-0.023257902450894652,-0.008019327675924504,0.014105902913181811,0.1845813124893062,-0.032849042038057386,-0.2598184172458325,0.4467932121060653,0.5284768666767209,-0.07837880170249245
CONSUMER_DISCRETIONARY,XLY,consumer_cyclical,-0.021049886384826855,-0.004165165109770386,-0.01559965699445065,0.18208957786790908,-0.030591829220382283,-0.034670022631515876,0.7390196868395101,1.0466285182133472,-0.07380247702198306
CONSUMER_STAPLES,XLP,consumer_defensive,-0.02039389406584058,0.012393809717872517,0.001572812333401119,0.19293070812888904,-0.021061312631123208,-0.5953488037997937,-0.31375788206495714,-0.3968011479824956,-0.05433075427981404
HEALTHCARE,XLV,healthcare_and_biotech,-0.009579746739942774,0.017104174926536486,0.057361088152907413,0.21736134005962351,-0.037399714570454545,-0.5207621286261965,-0.0919293829713369,-0.12814308474719185,-0.02548043285817414
FINANCIALS,XLF,financials,-0.01127752228455392,0.0034758061908802818,0.045578643462765855,0.1355995387805258,-0.020840722865434258,0.1514934410222304,0.17870395489139398,0.18039217346261524,-0.01127752228455392
INDUSTRIALS,XLI,industrials_and_defense,-0.008270831445218674,-0.005197812524605161,-0.006905026089033206,0.17234725171994142,-0.040094861712082874,-0.7995719052491232,0.6457352577298219,0.9588682585771019,-0.03718470568693333
ENERGY,XLE,energy,0.02595579674420745,0.03193863889876647,0.059962698510340084,0.19544085737878505,-0.03029742451193096,-0.8015229775758657,-0.37457485814929015,-0.6961495265028915,-0.05815398986814213
MATERIALS,XLB,materials_and_mining,-0.015523696698806377,-0.005941729548638919,-0.025744226326444575,0.17104842151337513,-0.038069594426742515,-0.5766896341898442,0.5478967563150732,0.804238812016145,-0.05798276520718493
UTILITIES,XLU,rate_sensitive_defensive,-0.012095954189405012,-0.012130917755883264,0.02047930628400274,0.14769897290464679,-0.0309523870467745,-0.684186768940488,-0.04760827497678212,-0.06413163617855977,-0.04624148285839824
REAL_ESTATE,XLRE,rate_sensitive_defensive,-0.0057192768757007295,0.020908873738190725,0.01620626505217082,0.16378541297417495,-0.026746305355374367,-0.8764929478989035,-0.0890343265987076,-0.11158951954372817,-0.0057192768757007295
INTERMEDIATE_TREASURY,IEF,rates_and_duration,-0.004374772265995253,0.0021562641236133606,-0.012129343539613369,0.047184618662989855,-0.015381767329007645,-0.6366487100625586,0.5289027276055194,0.2030579258915892,-0.032248446733154634
LONG_TREASURY,TLT,rates_and_duration,-0.006531236531799101,-0.00027342497173254987,-0.034014791139599265,0.08831713631903733,-0.03980571744406425,-0.6857304319957329,0.40206754500273345,0.2723968124746429,-0.06153829037197045
TIPS,TIP,rates_and_duration,-0.0008336016140370051,0.003518158324813392,-0.009792173000950033,0.03504405645923712,-0.008797141475792358,-0.5784891271516498,0.5395189396221358,0.14696156680082362,-0.01077579195914502
INVESTMENT_GRADE_CREDIT,LQD,credit,-0.006046525822129389,0.0013638943276197413,-0.02041492877056028,0.0482189237065818,-0.02255664338397456,0.04893451154309047,0.5617736701116451,0.22813812941037473,-0.025499072713549897
HIGH_YIELD_CREDIT,HYG,credit,-0.0018797182975245352,0.00434530506543962,-0.006324314696138478,0.021001272896290113,-0.004382197213967154,-0.7303885944338325,0.7681724317965462,0.2132833773402051,-0.0027544912124413123
AGGREGATE_BONDS,AGG,rates_and_duration,-0.003974313671295415,0.002068712745264767,-0.01259163274427888,0.03763781567418993,-0.013405983744482097,-0.289343380147951,0.5675510564237077,0.1803363375472512,-0.020005284377214605
DEVELOPED_EX_US,VEA,international_equity,0.006283056533999742,0.0028804748582852424,-0.030464500459249866,0.19149370240516486,-0.04365238374579561,-0.6133598882508352,0.8391728931848149,1.3642429295588665,-0.02652297534374437
EMERGING_MARKETS,VWO,international_equity,0.00033991260557120206,0.0009980108342962923,-0.03462608263310074,0.19897404917565883,-0.05551929184669524,-0.43624168357622994,0.871824657936402,1.3851068116815624,-0.0388635042926867
EUROPE,VGK,international_equity,-0.00033786213523545605,0.009931298243387343,-0.006476391945487547,0.1407313377577024,-0.02534176668180621,-1.2081966457190787,0.7234115765192324,1.020373784172531,-0.013448917061859689
JAPAN,EWJ,international_equity,0.009030509940044062,-0.007526596322237622,-0.03143717748374919,0.253114929247872,-0.0674435478312756,-0.31239287693132983,0.7922198099153518,1.3729405684766511,-0.04362177275120516
CHINA,MCHI,international_equity,-0.002585877192957775,0.019187331450637335,0.001900725789179436,0.20784270512755268,-0.04502461295184246,-0.019236426723486525,0.5172918930917582,0.8458021726183761,-0.1786492779240455
INDIA,INDA,international_equity,0.0018484320214895433,0.005747842095343292,-0.023960386093258457,0.12646707170521676,-0.027443889866507032,-0.6832007128515153,0.5883310172773836,0.6918231151958124,-0.11774284732200524
GOLD,IAU,precious_metals,0.02700530161300496,0.011933059383673617,-0.04538944467596018,0.2313586861437451,-0.05710322292622905,-0.27186810259183103,0.6977316640822311,1.301105354696454,-0.24367431401362116
BROAD_COMMODITIES,PDBC,non_energy_commodities,0.04068399594958305,0.03809414338923822,0.02833517964669774,0.22057546520391144,-0.04363637981992774,3.773370252120884,-0.11059992913322236,-0.1788348804782526,-0.06663142459275428
SEMICONDUCTORS,SMH,technology_and_growth,0.026647041121917514,-0.022314203190439863,-0.09709033052243388,0.548517585852394,-0.16800458710364352,0.3072792391325929,0.7907967490214582,3.2115688996980984,-0.12681819596126476
SOFTWARE,IGV,technology_and_growth,-0.02006400549251286,-0.0146095895965912,0.044143385160672066,0.25514047816306257,-0.04860247367434878,-1.3644175767077447,0.3359952053621573,0.88959678938882,-0.2203309817643434
BROAD_AI_TECH,AIQ,technology_and_growth,0.02849432789711659,-0.010772056695785848,-0.07927147678168445,0.3791928133264106,-0.12505583593559877,-0.22636580972655201,0.8320746661487649,2.520815159649678,-0.13031079938956136
AUTONOMOUS_ROBOTICS,ARKQ,technology_and_growth,0.016590478200428915,-0.013106142790516362,-0.08859150201095056,0.34275938760299196,-0.12788164761924736,-0.9536453951890811,0.8533806167733815,2.518928825127825,-0.1649284358373364
CYBERSECURITY,CIBR,technology_and_growth,-0.014256149388344852,-0.03908693830582621,0.11468198196489587,0.27528627799993227,-0.043808734073850886,-0.20942936846203314,0.4111509463354458,1.0340195017568143,-0.043808734073850886
SOLAR,TAN,clean_energy,-0.008121052495951187,-0.0204913252680341,-0.09678002513995498,0.3760338703182282,-0.13778435443537362,-1.3595080327848446,0.7430435416212603,2.6082325004044318,-0.273096152351774
METALS_MINING,XME,materials_and_mining,0.026366306361006897,-0.022284522411196384,-0.11387975826686814,0.32871233283653656,-0.16418674362956298,-0.7458491502387569,0.7097479757683696,2.2317825003920437,-0.23458932296731794
EQUAL_WEIGHT_SP500,RSP,diversified_us_equity,-0.010694704165665092,0.0014891771160152611,0.01374301697821334,0.09801852597391959,-0.013023270008175825,-0.6338897711358502,0.7133004387196586,0.5918311560559452,-0.010694704165665092
BIOTECH,XBI,healthcare_and_biotech,0.016447368421052655,-0.0013894745239811934,0.09894398081158728,0.3020513574208034,-0.0812028027575794,-0.2873039273768028,0.36629404474150457,0.8607004689519656,-0.05953249849018982
REGIONAL_BANKS,KRE,financials,-0.024897264599588964,0.01778850719380587,0.045032799217443076,0.20191780888971944,-0.037280177945761994,0.3530529872096927,0.1580868986235509,0.25239989814966335,-0.024897264599588964
AEROSPACE_DEFENSE,ITA,industrials_and_defense,-0.004980700331432053,-0.018783107869808857,-0.022381840463766456,0.1892046624673874,-0.08577236865594762,-0.7510475413859401,0.4856083556975808,0.9596202223885782,-0.08389821113544793
CANADA,EWC,international_equity,-0.005724872134737713,0.0025250896604739337,0.015820638143939858,0.08897413567759628,-0.014624352362338944,-0.28579707087720563,0.6060782916871281,0.6240488953329573,-0.007396241872447584
UNITED_KINGDOM,EWU,international_equity,-0.004258053177382037,0.01465483551822333,0.011881476112826528,0.13520606189141163,-0.019271491399562413,-0.7283288391971272,0.49733759757819174,0.6577228435860197,-0.025473423917341753
AUSTRALIA,EWA,international_equity,0.0017464598629013395,0.0036769061736847686,-0.0015642432991775923,0.12770771471064948,-0.03011199996794367,-0.3087290203402232,0.6093771522184908,0.8637484473514807,-0.03889284931519288
SOUTH_KOREA,EWY,international_equity,0.05839858747850846,-0.018331667502117233,-0.199425828182496,0.766689463224667,-0.2584854217652568,0.652262482266053,0.7577964349702792,4.555900905392912,-0.21122264460017415
TAIWAN,EWT,international_equity,0.004193272300210493,-0.008038269577576473,-0.0805503136781448,0.43547277101655085,-0.13978298671679512,0.928613041811603,0.7959322126190581,2.5928107624192207,-0.09817983563248112
BRAZIL,EWZ,international_equity,0.008208239054637412,-0.006657606433001728,0.061372203606896214,0.19002658847165593,-0.02220369870010186,-0.756406815895807,0.4435172899532906,0.7834030829019571,-0.13829141638466202
MEXICO,EWW,international_equity,0.008242423652299324,0.011358376924168634,-0.03255026914608883,0.1802406621107499,-0.04577784600679691,-0.8246039772923577,0.6336018649649025,1.0003051066536603,-0.05261559771850055
SOUTH_AFRICA,EZA,international_equity,-0.010486175116184882,-0.013717951585390131,-0.05611206366693422,0.2205006837338066,-0.07656573208295392,-0.46846216012038044,0.7716889936540808,1.9549775782274617,-0.22003876318958848
MORTGAGE_BACKED_BONDS,MBB,rates_and_duration,-0.0037329187942269915,0.0019461524252437634,-0.011842210713813972,0.041684456876878336,-0.014492006991237205,-0.43413297506718584,0.5780604703711829,0.21441822849248782,-0.019064860714253618
MUNICIPAL_BONDS,MUB,rates_and_duration,-0.004220639336375842,-0.0025713206560398216,-0.007673768205338272,0.022312692001401742,-0.0130147952946984,-0.33306297823616543,0.5719302179368713,0.11848482674208756,-0.0130147952946984
EMERGING_MARKET_BONDS,EMB,credit,-0.0021968730256077817,0.0027336986453609935,-0.01469356271247313,0.0397936404938909,-0.010873686752616574,-1.1255034444928143,0.7388529875912724,0.3279003076661534,-0.010770029109598234
INTERNATIONAL_BONDS,BNDX,rates_and_duration,-0.0027105349436934434,0.002011260824331229,-0.012603792966604521,0.034389141260316385,-0.012162969880004648,-0.6175571668823505,0.5546463115658224,0.18095013321811354,-0.016720232674331426
SILVER,SLV,precious_metals,0.053383656955527936,0.0030291807409437155,-0.11335305296809095,0.4572025816039315,-0.1532515407345385,-0.7267400634453374,0.6627704810962588,2.608653097429223,-0.4973484602458327
COPPER,CPER,non_energy_commodities,0.03862315693549734,0.030409337030398498,-0.01505101152422983,0.25860876971536023,-0.06562015432344781,-0.6884735326378509,0.7174042655126819,1.6243456428026755,-0.026354673276804408
AGRICULTURE,DBA,non_energy_commodities,0.02029718966456251,0.02354193596195009,0.030735303798539393,0.14693344934166205,-0.015230306324299003,-0.7476627748418889,0.0035228963556911052,0.003664490157173882,-0.020187954505651473
OIL,USO,energy,0.08005031691084352,0.07695286897123144,0.03932274194606711,0.4875447456421769,-0.10098377144733539,-0.5384003431231462,-0.304375379980606,-1.2021749194086422,-0.15762290502152398
US_DOLLAR,UUP,currencies,0.00493999255097588,0.00789193153846457,-0.003636113389273943,0.0452253839435329,-0.009814254465706052,-0.3031678579777457,-0.5347420529003836,-0.20333007750365606,-0.0017525812550219788
EURO,FXE,currencies,-0.0032205772366531438,0.003203662798659135,-0.009747049551943276,0.042844540715054585,-0.009454478366650698,-0.6596870009187701,0.5647890160207186,0.20509255545561553,-0.04925197225987399
YEN,FXY,currencies,-0.004074393961520095,-0.0014652022169358014,-0.011741551405342388,0.05274868552517125,-0.012818253423297232,-0.06668176440527494,0.2046961630642486,0.10283891716895943,-0.10548921900368724
BITCOIN_ETF,IBIT,crypto_assets,0.035174465533543975,0.034519397827335374,0.02013490235760229,0.36704536883409217,-0.08794518039651111,-0.3887747023637443,0.4834896561758817,1.4293697580678937,-0.47159492656507196
ETHEREUM_ETF,ETHA,crypto_assets,0.02830853611398565,0.02940440650588616,0.09411536004950438,0.5025051690352472,-0.10107202190559161,0.29030934652695556,0.5809598550335264,2.373133107993768,-0.602896975338123
