option_id,symbol,name,asset_class,category,option_group,risk_bucket,as_of_date_requested,as_of_price_date,as_of_adj_close,price_date_7d,return_7d,rank_7d,return_vs_sp500_7d,price_date_30d,return_30d,rank_30d,return_vs_sp500_30d,price_date_6m,return_6m,rank_6m,return_vs_sp500_6m,price_date_1y,return_1y,rank_1y,return_vs_sp500_1y,volatility_30d,max_drawdown_30d,path_observations_30d,up_day_share_30d,distance_from_52w_high,distance_from_52w_low,corr_to_sp500_1y,beta_to_sp500_1y,status,message
CASH,,Cash / Do Not Invest,cash,cash,cash,cash,2026-06-24,2026-06-24,1.0,2026-06-24,0.0,29,0.007869552240728828,2026-06-24,0.0,39,0.01409663907958969,2026-06-24,0.0,53,-0.06772592513655873,2026-06-24,0.0,63,-0.22180117113224918,0.0,0.0,1,,,,,0.0,cash,Cash return is treated as 0.0 for trailing performance.
SHORT_TREASURY,BIL,Short-Term Treasury Bills,cash_like,treasury_bills,cash_and_short_duration,low,2026-06-24,2026-06-24,91.58999633789062,2026-06-17,0.0006554961148685923,27,0.00852504835559742,2026-05-22,0.0029433601792800967,34,0.017039999258869787,2025-12-24,0.01741728436202239,45,-0.05030864077453634,2025-06-24,0.038485134423921874,58,-0.1833160367083273,0.002314774976543265,-0.00010943256086970443,21,0.75,0.0,0.038485134423921874,-0.08495982308397136,-0.0013598167016253963,pass,OK; yahoo_chart_adjclose fallback after Tiingo hourly rate limit or delayed EOD row
SP500,SPY,S&P 500,equity,broad_us_equity,us_broad_market,medium,2026-06-24,2026-06-24,733.239990234375,2026-06-17,-0.007869552240728828,38,0.0,2026-05-22,-0.01409663907958969,44,0.0,2025-12-24,0.06772592513655873,32,0.0,2025-06-24,0.22180117113224918,32,0.0,0.16957643686852686,-0.04494652583696357,21,0.5,-0.032177466243158204,0.22180117113224918,1.0,1.0,pass,OK; yahoo_chart_adjclose fallback after Tiingo hourly rate limit or delayed EOD row
TOTAL_US_MARKET,VTI,Total US Stock Market,equity,broad_us_equity,us_broad_market,medium,2026-06-24,2026-06-24,363.6499938964844,2026-06-17,-0.005768853381463712,35,0.0021006988592651155,2026-05-22,-0.008560796573751084,43,0.005535842505838606,2025-12-24,0.07328844516120614,31,0.0055625200246474105,2025-06-24,0.22768189083948198,31,0.005880719707232807,0.17221643393436825,-0.0435943408623507,21,0.5,-0.028608804023272816,0.22911714500232128,0.9960193094267563,1.0215983349488713,pass,OK; yahoo_chart_adjclose fallback after Tiingo hourly rate limit or delayed EOD row
NASDAQ100,QQQ,Nasdaq 100,equity,growth_equity,us_growth_and_technology,high,2026-06-24,2026-06-24,710.6199951171875,2026-06-17,-0.01537564582473716,49,-0.007506093584008333,2026-05-22,-0.008555708929454897,42,0.005540930150134793,2025-12-24,0.14163120681425334,19,0.07390528167769461,2025-06-24,0.32283973614553285,16,0.10103856501328368,0.3172731516004614,-0.07031997684181479,21,0.45,-0.04658390154004388,0.32283973614553285,0.9392122510760118,1.3519085968768927,pass,OK; yahoo_chart_adjclose fallback after Tiingo hourly rate limit or delayed EOD row
LARGE_GROWTH,IWF,US Large-Cap Growth,equity,style_factor,us_style_factor,high,2026-06-24,2026-06-24,119.66999816894531,2026-06-17,-0.0158717132351488,51,-0.008002160994419971,2026-05-22,-0.041796908217093365,54,-0.027700269137503675,2025-12-24,-0.001970622072277939,55,-0.06969654720883667,2025-06-24,0.1605163649127086,40,-0.06128480621954058,0.21282522799037298,-0.07051339679108914,21,0.5,-0.06985029969237322,0.1659524686661238,0.9512476821989551,1.2354634216689404,pass,OK; yahoo_chart_adjclose fallback after Tiingo hourly rate limit or delayed EOD row
LARGE_VALUE,IWD,US Large-Cap Value,equity,style_factor,us_style_factor,medium,2026-06-24,2026-06-24,241.0,2026-06-17,0.0025792291563091485,24,0.010448781397037976,2026-05-22,0.023018899406119342,17,0.03711553848570903,2025-12-24,0.14175313756323793,18,0.0740272124266792,2025-06-24,0.27196322767420966,23,0.05016205654196049,0.14316931817918607,-0.024021853752215994,21,0.55,-0.011403719719490613,0.2792039186583104,0.8414841315201402,0.7595756062939236,pass,OK; yahoo_chart_adjclose fallback after Tiingo hourly rate limit or delayed EOD row
MID_CAP,IJH,US Mid-Cap Stocks,equity,size_factor,us_size_factor,high,2026-06-24,2026-06-24,75.76000213623047,2026-06-17,0.010402757326960721,14,0.01827230956768955,2026-05-22,0.03331665946398532,13,0.04741329854357501,2025-12-24,0.1308106841291814,20,0.06308475899262267,2025-06-24,0.247359336109384,28,0.025558164977134812,0.15979449215708666,-0.023986251927051283,21,0.6,-0.00525212062296565,0.2573724905295176,0.8009848406532825,1.0211151038294688,pass,OK; yahoo_chart_adjclose fallback after Tiingo hourly rate limit or delayed EOD row
SMALL_CAP,IWM,US Small-Cap Stocks,equity,size_factor,us_size_factor,high,2026-06-24,2026-06-24,296.69000244140625,2026-06-17,0.023492470828909928,4,0.031362023069638756,2026-05-22,0.043053985415390184,9,0.057150624494979874,2025-12-24,0.17891880378389025,11,0.11119287864733152,2025-06-24,0.39773176965227797,13,0.1759305985200288,0.22279671794026606,-0.03554440735944353,21,0.55,-0.004996949060881883,0.4142169127573012,0.8240577455998865,1.3046549653961617,pass,OK; yahoo_chart_adjclose fallback after Tiingo hourly rate limit or delayed EOD row
SMALL_VALUE,IWN,US Small-Cap Value,equity,style_and_size_factor,us_style_factor,high,2026-06-24,2026-06-24,218.58999633789062,2026-06-17,0.02293038439094941,5,0.030799936631678237,2026-05-22,0.038184543091990264,10,0.052281182171579954,2025-12-24,0.188205889242117,9,0.12047996410555828,2025-06-24,0.4177726793675407,12,0.19597150823529152,0.17980563623020746,-0.027488843665690155,21,0.55,0.0,0.4328521556674747,0.7415560548909166,1.0728616579036943,pass,OK; yahoo_chart_adjclose fallback after Tiingo hourly rate limit or delayed EOD row
DIVIDEND,SCHD,US Dividend Equities,equity,dividend_equity,us_factor_equity,medium,2026-06-24,2026-06-24,31.719999313354492,2026-06-17,0.0013349394433270767,26,0.009204491684055904,2026-05-22,-0.026115669975877775,50,-0.012019030896288085,2025-12-24,0.16569307205170247,13,0.09796714691514374,2025-06-24,0.2418761076168192,29,0.02007493648457004,0.10637555985686777,-0.02925047802804892,21,0.4,-0.026115669975877775,0.25514792149143783,0.3701836814293944,0.3297404260231671,pass,OK; yahoo_chart_adjclose fallback after Tiingo hourly rate limit or delayed EOD row
LOW_VOL,SPLV,US Low Volatility Equities,equity,low_volatility_factor,us_factor_equity,medium,2026-06-24,2026-06-24,74.69000244140625,2026-06-17,0.020751568308822632,8,0.02862112054955146,2026-05-22,0.010005377193847531,30,0.02410201627343722,2025-12-24,0.05039910747221632,39,-0.01732681766434241,2025-06-24,0.049516481980264704,54,-0.17228468915198447,0.15139349588672993,-0.034786139924048,21,0.55,-0.028399493882394267,0.07832611182848237,0.10622103300787307,0.08735445069860723,pass,OK; yahoo_chart_adjclose fallback after Tiingo hourly rate limit or delayed EOD row
MOMENTUM,MTUM,US Momentum Equities,equity,momentum_factor,us_factor_equity,high,2026-06-24,2026-06-24,328.4100036621094,2026-06-17,0.0004265228413300459,28,0.008296075082058874,2026-05-22,0.08291446060362362,3,0.09701109968321331,2025-12-24,0.2880867756041823,5,0.22036085046762355,2025-06-24,0.39619072887721507,14,0.1743895577449659,0.4173895648277774,-0.07459791207180322,21,0.6,-0.04869357945412589,0.42467746687590235,0.8230781603781155,1.4477186914981617,pass,OK; yahoo_chart_adjclose fallback after Tiingo hourly rate limit or delayed EOD row
TECHNOLOGY,XLK,Technology Sector,equity,us_sector,us_sector,high,2026-06-24,2026-06-24,183.0500030517578,2026-06-17,-0.01362611532050384,47,-0.005756563079775012,2026-05-22,0.015955848085177138,22,0.030052487164766828,2025-12-24,0.2542456009165459,6,0.18651967577998718,2025-06-24,0.48851830923560535,8,0.2667171381033562,0.43018332715450824,-0.10887445381955774,21,0.5,-0.07538340246551267,0.48851830923560535,0.8714201901899068,1.6414852458191829,pass,OK; yahoo_chart_adjclose fallback after Tiingo hourly rate limit or delayed EOD row
COMMUNICATIONS,XLC,Communication Services Sector,equity,us_sector,us_sector,high,2026-06-24,2026-06-24,106.54000091552734,2026-06-17,-0.021820795755202682,54,-0.013951243514473854,2026-05-22,-0.07485564920014531,59,-0.06075901012055562,2025-12-24,-0.09257314029268005,64,-0.16029906542923877,2025-06-24,0.02518162227353682,61,-0.19661954885871236,0.16429356264699546,-0.08445040776948554,21,0.45,-0.10761133872827877,0.02537666467359001,0.6543369511122726,0.7076688981486454,pass,OK; yahoo_chart_adjclose fallback after Tiingo hourly rate limit or delayed EOD row
CONSUMER_DISCRETIONARY,XLY,Consumer Discretionary Sector,equity,us_sector,us_sector,high,2026-06-24,2026-06-24,115.06999969482422,2026-06-17,-0.0016512436520351725,30,0.006218308588693655,2026-05-22,-0.03256170023338534,51,-0.018465061153795648,2025-12-24,-0.05758287359444614,61,-0.12530879873100487,2025-06-24,0.07578322530651982,47,-0.14601794582572936,0.23341380603661468,-0.07021136504795478,21,0.5,-0.07218990042551743,0.09122936208346322,0.7992107761507693,1.1875181054098416,pass,OK; yahoo_chart_adjclose fallback after Tiingo hourly rate limit or delayed EOD row
CONSUMER_STAPLES,XLP,Consumer Staples Sector,equity,us_sector,us_sector,medium,2026-06-24,2026-06-24,84.44000244140625,2026-06-17,0.016083872556283074,9,0.023953424797011902,2026-05-22,0.002663812124965359,36,0.01676045120455505,2025-12-24,0.0945274123849087,26,0.026801487248349964,2025-06-24,0.06703446286499837,48,-0.1547667082672508,0.17722851079785476,-0.03577001951555836,21,0.45,-0.050055725237030724,0.14008552711953826,-0.007522335399434899,-0.007933494675764187,pass,OK; yahoo_chart_adjclose fallback after Tiingo hourly rate limit or delayed EOD row
HEALTHCARE,XLV,Healthcare Sector,equity,us_sector,us_sector,medium,2026-06-24,2026-06-24,153.35000610351562,2026-06-17,0.022004640841233325,6,0.029874193081962153,2026-05-22,0.027595746364694307,14,0.041692385444284,2025-12-24,-0.007320188667466865,57,-0.0750461138040256,2025-06-24,0.16630617361088706,39,-0.05549499752136211,0.18173404390139805,-0.03344778567002804,21,0.55,-0.03458472318657535,0.2094289755708476,0.32740406732077953,0.3967940857997592,pass,OK; yahoo_chart_adjclose fallback after Tiingo hourly rate limit or delayed EOD row
FINANCIALS,XLF,Financials Sector,equity,us_sector,us_sector,high,2026-06-24,2026-06-24,53.720001220703125,2026-06-17,-0.0026238324328126117,31,0.005245719807916216,2026-05-22,0.037893372974956874,11,0.051990012054546564,2025-12-24,-0.027717795202873097,58,-0.09544372033943183,2025-06-24,0.057651429116902575,50,-0.1641497420153466,0.14761289890772936,-0.018900650504451222,21,0.55,-0.03926800207259329,0.12755030183704452,0.5872646177968761,0.6847145701874222,pass,OK; yahoo_chart_adjclose fallback after Tiingo hourly rate limit or delayed EOD row
INDUSTRIALS,XLI,Industrials Sector,equity,us_sector,us_sector,medium,2026-06-24,2026-06-24,180.2100067138672,2026-06-17,0.005865154839576725,19,0.013734707080305553,2026-05-22,0.05171668065809931,7,0.065813319737689,2025-12-24,0.15022854113117057,15,0.08250261599461184,2025-06-24,0.25832415979556966,25,0.03652298866332049,0.21873052801830511,-0.036898314833480494,21,0.5,-0.008745854297031896,0.2695264140443496,0.7383148169151066,0.9679946566638548,pass,OK; yahoo_chart_adjclose fallback after Tiingo hourly rate limit or delayed EOD row
ENERGY,XLE,Energy Sector,equity,us_sector,us_sector,high,2026-06-24,2026-06-24,53.56999969482422,2026-06-17,-0.013054019956852292,46,-0.005184467716123464,2026-05-22,-0.09301843891654771,63,-0.07892179983695802,2025-12-24,0.22399971550810305,8,0.15627379037154432,2025-06-24,0.30112393030383156,18,0.07932275917158238,0.23783149267312648,-0.08476591012555545,21,0.45,-0.13752665854128143,0.3113166575233737,-0.08556214611081472,-0.1430658155819554,pass,OK; yahoo_chart_adjclose fallback after Tiingo hourly rate limit or delayed EOD row
MATERIALS,XLB,Materials Sector,equity,us_sector,us_sector,medium,2026-06-24,2026-06-24,51.15999984741211,2026-06-17,-0.01285484131673853,44,-0.004985289076009702,2026-05-22,0.021103444222190237,19,0.03520008330177993,2025-12-24,0.12521067359168359,22,0.05748474845512486,2025-06-24,0.1884997760145477,35,-0.03330139511770147,0.213882273852934,-0.039318301133996814,21,0.55,-0.03805183520805566,0.22770339335412082,0.5751920621265794,0.8085058778927171,pass,OK; yahoo_chart_adjclose fallback after Tiingo hourly rate limit or delayed EOD row
UTILITIES,XLU,Utilities Sector,equity,us_sector,us_sector,medium,2026-06-24,2026-06-24,45.540000915527344,2026-06-17,0.030832127044258417,3,0.038701679284987245,2026-05-22,0.01060197502725635,29,0.02469861410684604,2025-12-24,0.07804757878942281,29,0.010321653652864082,2025-06-24,0.1474435245339043,41,-0.07435764659834487,0.18567797283565213,-0.04919487810849821,21,0.65,-0.03307734830122888,0.16298040007255699,0.17421968071293953,0.2056040796698362,pass,OK; yahoo_chart_adjclose fallback after Tiingo hourly rate limit or delayed EOD row
REAL_ESTATE,XLRE,Real Estate Sector,equity,us_sector,us_sector,high,2026-06-24,2026-06-24,44.5099983215332,2026-06-17,0.021151470570860642,7,0.02902102281158947,2026-05-22,0.007630876400061881,32,0.02172751547965157,2025-12-24,0.11775031562381733,24,0.050024390487258596,2025-06-24,0.08955538444270417,45,-0.132245786689545,0.18995834502325676,-0.033068763431003845,21,0.5,-0.010140352213719561,0.1330480392530058,0.30496962038948483,0.3457754341770299,pass,OK; yahoo_chart_adjclose fallback after Tiingo hourly rate limit or delayed EOD row
INTERMEDIATE_TREASURY,IEF,Intermediate-Term US Treasury Bonds,bond,treasury_duration,bonds_and_rates,medium,2026-06-24,2026-06-24,94.7300033569336,2026-06-17,0.007551656447751576,15,0.015421208688480403,2026-05-22,0.012445054875610984,25,0.026541693955200674,2025-12-24,-0.0008345657481856339,54,-0.06856049088474436,2025-06-24,0.033176440338849034,60,-0.18862473079340014,0.052916763138894776,-0.008618442522351444,21,0.6,-0.02075195410698638,0.04471312408529915,0.2218423798310968,0.08452844915915392,pass,OK; yahoo_chart_adjclose fallback after Tiingo hourly rate limit or delayed EOD row
LONG_TREASURY,TLT,Long-Term US Treasury Bonds,bond,treasury_duration,bonds_and_rates,high,2026-06-24,2026-06-24,87.37999725341797,2026-06-17,0.012162578479010033,11,0.02003213071973886,2026-05-22,0.035943479245214016,12,0.050040118324803706,2025-12-24,0.011389608740443258,48,-0.05633631639611547,2025-06-24,0.04537032422617249,56,-0.1764308469060767,0.08802512904044356,-0.012025671464648613,21,0.65,-0.023415791216748305,0.07076554259887113,0.18119296869061546,0.13911594349617107,pass,OK; yahoo_chart_adjclose fallback after Tiingo hourly rate limit or delayed EOD row
TIPS,TIP,Treasury Inflation-Protected Securities,bond,inflation_linked_bonds,bonds_and_rates,medium,2026-06-24,2026-06-24,109.31999969482422,2026-06-17,0.002659826825407663,23,0.01052937906613649,2026-05-22,0.001910573230005097,37,0.016007212309594787,2025-12-24,0.009902033351709916,50,-0.05782389178484881,2025-06-24,0.03606085205516352,59,-0.18574031907708566,0.04328491100528179,-0.009819983616017991,21,0.55,-0.00726317886185901,0.036362617206372905,0.2482869798965554,0.0690866381285111,pass,OK; yahoo_chart_adjclose fallback after Tiingo hourly rate limit or delayed EOD row
INVESTMENT_GRADE_CREDIT,LQD,Investment Grade Corporate Bonds,bond,corporate_credit,credit,medium,2026-06-24,2026-06-24,109.41000366210938,2026-06-17,0.0058840400735065135,17,0.013753592314235341,2026-05-22,0.013423924346553928,24,0.02752056342614362,2025-12-24,0.007687978627772152,52,-0.06003794650878658,2025-06-24,0.05083133177957366,53,-0.1709698393526755,0.05110465830842984,-0.008141652512741349,21,0.5,-0.005645883137118224,0.05923072866324808,0.43014796927379867,0.1839296138333922,pass,OK; yahoo_chart_adjclose fallback after Tiingo hourly rate limit or delayed EOD row
HIGH_YIELD_CREDIT,HYG,High Yield Corporate Bonds,bond,corporate_credit,credit,high,2026-06-24,2026-06-24,79.8499984741211,2026-06-17,0.0015050183385834082,25,0.009374570579312236,2026-05-22,0.004364038503264167,33,0.018460677582853857,2025-12-24,0.01526452163266101,46,-0.05246140350389772,2025-06-24,0.05617216593875973,52,-0.16562900519348944,0.03841836304171046,-0.005894803139260718,21,0.45,-0.002373843568627354,0.05643570282843702,0.7687215495659033,0.23918123097107652,pass,OK; yahoo_chart_adjclose fallback after Tiingo hourly rate limit or delayed EOD row
AGGREGATE_BONDS,AGG,US Aggregate Bond Market,bond,aggregate_bonds,bonds_and_rates,medium,2026-06-24,2026-06-24,99.19000244140625,2026-06-17,0.005881774946402407,18,0.013751327187131235,2026-05-22,0.010997064142049595,27,0.025093703221639285,2025-12-24,0.008155641912310108,51,-0.05957028322424862,2025-06-24,0.0440808047971224,57,-0.17772036633512678,0.04144597607496832,-0.005661944605844238,21,0.6,-0.008792607765615412,0.05211556361645897,0.3324576720138969,0.10205787855455482,pass,OK; yahoo_chart_adjclose fallback after Tiingo hourly rate limit or delayed EOD row
DEVELOPED_EX_US,VEA,Developed Markets ex-US,equity,international_equity,international_equity,high,2026-06-24,2026-06-24,70.27999877929688,2026-06-17,-0.01875099198212138,52,-0.010881439741392551,2026-05-22,0.002695555098870317,35,0.016792194178460007,2025-12-24,0.12907075846659977,21,0.06134483333004104,2025-06-24,0.28783947855288994,21,0.06603830742064076,0.24112458928120203,-0.0485343167442831,21,0.6,-0.029147681007623882,0.29429369957502205,0.8020572172614169,1.0799396395492746,pass,OK; yahoo_chart_adjclose fallback after Tiingo hourly rate limit or delayed EOD row
EMERGING_MARKETS,VWO,Emerging Markets,equity,international_equity,international_equity,very_high,2026-06-24,2026-06-24,58.970001220703125,2026-06-17,-0.01287267912758061,45,-0.005003126886851783,2026-05-22,0.001018785397741695,38,0.015115424477331385,2025-12-24,0.0998526166677991,25,0.03212669153124037,2025-06-24,0.2352099879001035,30,0.013408816767854326,0.24929817993290546,-0.056708561700245075,21,0.5,-0.03706728274897886,0.2352099879001035,0.793877756823283,1.0738055681157241,pass,OK; yahoo_chart_adjclose fallback after Tiingo hourly rate limit or delayed EOD row
EUROPE,VGK,Europe Equities,equity,regional_equity,international_equity,high,2026-06-24,2026-06-24,86.94999694824219,2026-06-17,-0.012279779889740383,43,-0.0044102276490115555,2026-05-22,-0.0036821947699196,40,0.01041444430967009,2025-12-24,0.057525683254415094,36,-0.010200241882143635,2025-06-24,0.17255796783547517,38,-0.04924320329677401,0.17141446995158502,-0.031180149700187343,21,0.45,-0.021476127557013558,0.19078658590802955,0.741695169199347,0.9392570862048828,pass,OK; yahoo_chart_adjclose fallback after Tiingo hourly rate limit or delayed EOD row
JAPAN,EWJ,Japan Equities,equity,regional_equity,international_equity,high,2026-06-24,2026-06-24,92.61000061035156,2026-06-17,-0.01948116884428197,53,-0.011611616603553143,2026-05-22,0.016408462533089585,21,0.030505101612679275,2025-12-24,0.149545445462689,16,0.08181952032613027,2025-06-24,0.3279782772441113,15,0.10617710611186215,0.27971124831575134,-0.051418230784538776,21,0.65,-0.0449623652208504,0.3474283747932554,0.7031693459454628,1.1705127558799913,pass,OK; yahoo_chart_adjclose fallback after Tiingo hourly rate limit or delayed EOD row
CHINA,MCHI,China Equities,equity,regional_equity,international_equity,very_high,2026-06-24,2026-06-24,51.43000030517578,2026-06-17,-0.02962263575140034,57,-0.02175308351067151,2026-05-22,-0.06786358241322588,58,-0.053766943333636186,2025-12-24,-0.14583635592081012,66,-0.21356228105736885,2025-06-24,-0.05697990234103134,65,-0.2787810734732805,0.21271012766573982,-0.09475678606794402,21,0.4,-0.21773948357365402,0.0,0.561869397357508,0.9091474716365611,pass,OK; yahoo_chart_adjclose fallback after Tiingo hourly rate limit or delayed EOD row
INDIA,INDA,India Equities,equity,regional_equity,international_equity,very_high,2026-06-24,2026-06-24,49.630001068115234,2026-06-17,0.011618419870948804,12,0.01948797211167763,2026-05-22,0.025625164168364467,16,0.03972180324795416,2025-12-24,-0.08109604498305845,62,-0.14882197011961718,2025-06-24,-0.0943430335934915,66,-0.3161442047257407,0.1646050647841289,-0.030396376750449816,21,0.55,-0.11152881264168535,0.09269051230496084,0.5233865675569066,0.627609807900224,pass,OK; yahoo_chart_adjclose fallback after Tiingo hourly rate limit or delayed EOD row
GOLD,IAU,Gold,commodity,precious_metals,commodities,medium,2026-06-24,2026-06-24,74.98999786376953,2026-06-17,-0.05838776445901517,63,-0.05051821221828634,2026-05-22,-0.11578823225457291,64,-0.10169159317498322,2025-12-24,-0.11086078823933398,65,-0.17858671337589271,2025-06-24,0.19639434426705416,33,-0.02540682686519502,0.2995616581956379,-0.12282138568691991,21,0.45,-0.2616914631379008,0.21697499454136748,0.2979029739953093,0.6590867245968457,pass,OK; yahoo_chart_adjclose fallback after Tiingo hourly rate limit or delayed EOD row
BROAD_COMMODITIES,PDBC,Broad Commodities,commodity,broad_commodities,commodities,high,2026-06-24,2026-06-24,15.779999732971191,2026-06-17,-0.04594928297994727,61,-0.03807973073921844,2026-05-22,-0.13296708398474877,66,-0.11887044490515908,2025-12-24,0.17585690337261028,12,0.10813097823605156,2025-06-24,0.25325813217034865,27,0.031456961038099474,0.1666760783976394,-0.1257617506946237,21,0.3,-0.16552089580631424,0.270745548059272,-0.11242950182899758,-0.1662803402181219,pass,OK; yahoo_chart_adjclose fallback after Tiingo hourly rate limit or delayed EOD row
SEMICONDUCTORS,SMH,Semiconductors,equity,thematic_equity,ai_and_technology,very_high,2026-06-24,2026-06-24,618.9199829101562,2026-06-17,-0.0080933186372385,39,-0.00022376639650967256,2026-05-22,0.07391722488296715,5,0.08801386396255684,2025-12-24,0.699535821427467,2,0.6318098962909082,2025-06-24,1.2863880971637465,2,1.0645869260314973,0.6538141385989198,-0.10692901608729355,21,0.55,-0.07473351010057927,1.2863880971637465,0.7903235323633906,2.2076673464660486,pass,OK; yahoo_chart_adjclose fallback after Tiingo hourly rate limit or delayed EOD row
SOFTWARE,IGV,Software,equity,thematic_equity,ai_and_technology,high,2026-06-24,2026-06-24,86.16999816894531,2026-06-17,-0.033535277819136455,58,-0.025665725578407628,2026-05-22,-0.08322355719494412,60,-0.06912691811535443,2025-12-24,-0.20367596626559303,67,-0.27140189140215176,2025-06-24,-0.20234934770748625,68,-0.4241505188397354,0.45127602720465326,-0.1997571456264674,21,0.25,-0.2683067077211393,0.15422739246611572,0.5345102180221499,1.2135370002723291,pass,OK; yahoo_chart_adjclose fallback after Tiingo hourly rate limit or delayed EOD row
BROAD_AI_TECH,AIQ,Broad AI Technology,equity,thematic_equity,ai_and_technology,very_high,2026-06-24,2026-06-24,63.38999938964844,2026-06-17,-0.01461219360563537,48,-0.006742641364906543,2026-05-22,0.009234166592520632,31,0.023330805672110322,2025-12-24,0.23314772022543684,7,0.1654217950888781,2025-06-24,0.4737130192864194,9,0.2519118481541702,0.5114085015341501,-0.12517819868405455,21,0.55,-0.09623610006754857,0.4743971427197433,0.8620429442652057,1.830891467217854,pass,OK; yahoo_chart_adjclose fallback after Tiingo hourly rate limit or delayed EOD row
AUTONOMOUS_ROBOTICS,ARKQ,Autonomous Technology and Robotics,equity,thematic_equity,ai_and_technology,very_high,2026-06-24,2026-06-24,124.22000122070312,2026-06-17,-0.05493001435329159,62,-0.04706046211256276,2026-05-22,-0.0882935690223624,62,-0.07419692994277272,2025-12-24,0.042341429063002645,41,-0.025384496073556084,2025-06-24,0.45438470024430666,11,0.23258352911205749,0.438345091668399,-0.13628149843804838,21,0.4,-0.13628149843804838,0.45438470024430666,0.7830057706394403,2.136749457034293,pass,OK; yahoo_chart_adjclose fallback after Tiingo hourly rate limit or delayed EOD row
CYBERSECURITY,CIBR,Cybersecurity,equity,thematic_equity,ai_and_technology,high,2026-06-24,2026-06-24,83.80000305175781,2026-06-17,-0.005105072872354177,34,0.0027644793683746505,2026-05-22,-0.0056952507652026085,41,0.008401388314387082,2025-12-24,0.15230916426948338,14,0.08458323913292465,2025-06-24,0.14092128085099231,42,-0.08087989028125686,0.42267755326506784,-0.11736640935794751,21,0.4,-0.11153516409143593,0.3796509834715087,0.5361207558574286,1.0845625291991223,pass,OK; yahoo_chart_adjclose fallback after Tiingo hourly rate limit or delayed EOD row
SOLAR,TAN,Solar Energy,equity,thematic_equity,clean_energy,very_high,2026-06-24,2026-06-24,58.15999984741211,2026-06-17,-0.004961521158973525,33,0.0029080310817553023,2026-05-22,-0.11811974922369894,65,-0.10402311014410925,2025-12-24,0.14353124556539565,17,0.07580532042883692,2025-06-24,0.7407961721950471,5,0.518995001062798,0.544304967977004,-0.21330989304296843,21,0.45,-0.21330989304296843,0.7407961721950471,0.5717595481463785,1.7620136966178161,pass,OK; yahoo_chart_adjclose fallback after Tiingo hourly rate limit or delayed EOD row
METALS_MINING,XME,Metals and Mining,equity,commodity_equity,commodities,very_high,2026-06-24,2026-06-24,107.22000122070312,2026-06-17,-0.09372957576269558,69,-0.08586002352196676,2026-05-22,-0.08351108522256401,61,-0.06941444614297432,2025-12-24,-0.0047294250605209864,56,-0.07245535019707972,2025-06-24,0.631967354939551,6,0.41016618380730185,0.47433306297278305,-0.19225064017410343,21,0.4,-0.19225064017410343,0.6421782769417372,0.5889705127159544,1.7299249726802233,pass,OK; yahoo_chart_adjclose fallback after Tiingo hourly rate limit or delayed EOD row
EQUAL_WEIGHT_SP500,RSP,Equal-Weight S&P 500,equity,broad_us_equity,us_broad_market,medium,2026-06-24,2026-06-24,210.3800048828125,2026-06-17,0.010549615825230063,13,0.01841916806595889,2026-05-22,0.02233883856665897,18,0.03643547764624866,2025-12-24,0.09447822683188956,27,0.026752301695330827,2025-06-24,0.1869756470271724,36,-0.03482552410507678,0.12633522797424288,-0.020395605788028237,21,0.6,-0.007916398092834398,0.19560173502534717,0.7864378004218432,0.7449482143365839,pass,OK; yahoo_chart_adjclose fallback after Tiingo hourly rate limit or delayed EOD row
BIOTECH,XBI,Biotechnology,equity,industry_equity,healthcare_and_biotech,very_high,2026-06-24,2026-06-24,149.7100067138672,2026-06-17,0.07509129854316798,1,0.08296085078389681,2026-05-22,0.1382118206850853,1,0.152308459764675,2025-12-24,0.18651591229012165,10,0.11878998715356293,2025-06-24,0.794263944784029,4,0.5724627736517798,0.35152441461248524,-0.06533030234327009,21,0.7,0.0,0.8135201159822434,0.5028950939405524,1.070681137622067,pass,OK; yahoo_chart_adjclose fallback after Tiingo hourly rate limit or delayed EOD row
REGIONAL_BANKS,KRE,Regional Banks,equity,industry_equity,us_industry,very_high,2026-06-24,2026-06-24,73.97000122070312,2026-06-17,0.04571457353791186,2,0.05358412577864069,2026-05-22,0.07254713400450608,6,0.08664377308409577,2025-12-24,0.12145503976000116,23,0.05372911462344243,2025-06-24,0.29693016660758587,19,0.07512899547533669,0.22451598022019836,-0.034423898296074396,21,0.7,0.0,0.3031760645300514,0.4617738959238553,0.8630212654216947,pass,OK; yahoo_chart_adjclose fallback after Tiingo hourly rate limit or delayed EOD row
AEROSPACE_DEFENSE,ITA,Aerospace and Defense,equity,industry_equity,us_industry,high,2026-06-24,2026-06-24,236.19000244140625,2026-06-17,-0.027183949203986923,56,-0.019314396963258096,2026-05-22,0.04874566439876937,8,0.06284230347835906,2025-12-24,0.07406545444452539,30,0.006339529307966663,2025-06-24,0.30614245953552177,17,0.0843412884032726,0.2973428941327229,-0.045421788099499816,21,0.5,-0.056152901914267805,0.30614245953552177,0.5783027272943662,1.0164673917416076,pass,OK; yahoo_chart_adjclose fallback after Tiingo hourly rate limit or delayed EOD row
CANADA,EWC,Canada Equities,equity,country_equity,country_equity,high,2026-06-24,2026-06-24,57.290000915527344,2026-06-17,-0.015466536044366652,50,-0.0075969838036378246,2026-05-22,-0.016247068208314563,45,-0.0021504291287248734,2025-12-24,0.05420117090488641,38,-0.01352475423167232,2025-06-24,0.27295272025270845,22,0.05115154912045927,0.15439553790494928,-0.031964658807252744,21,0.5,-0.031964658807252744,0.28137914487980065,0.6978429593757981,0.8110638888866316,pass,OK; yahoo_chart_adjclose fallback after Tiingo hourly rate limit or delayed EOD row
UNITED_KINGDOM,EWU,United Kingdom Equities,equity,country_equity,country_equity,high,2026-06-24,2026-06-24,45.45000076293945,2026-06-17,-0.010235135556336039,40,-0.0023655833156072115,2026-05-22,-0.021001341656291417,48,-0.006904702576701727,2025-12-24,0.04584949142925265,40,-0.021876433707306076,2025-06-24,0.19237419415918589,34,-0.02942697697306329,0.14004404447462804,-0.03395187297465474,21,0.35,-0.05297769525445406,0.19632046294286254,0.6276766248973126,0.7407116999535337,pass,OK; yahoo_chart_adjclose fallback after Tiingo hourly rate limit or delayed EOD row
AUSTRALIA,EWA,Australia Equities,equity,country_equity,country_equity,high,2026-06-24,2026-06-24,27.90999984741211,2026-06-17,-0.025828962686601398,55,-0.01795941044587257,2026-05-22,-0.0165990697499373,46,-0.0025024306703476107,2025-12-24,0.06399542666477798,33,-0.003730498471780752,2025-06-24,0.10503041860786144,44,-0.11677075252438773,0.2003744256141388,-0.04784527585984655,21,0.4,-0.06469664771521189,0.15374913643526478,0.6812466839185402,0.9532298789678453,pass,OK; yahoo_chart_adjclose fallback after Tiingo hourly rate limit or delayed EOD row
SOUTH_KOREA,EWY,South Korea Equities,equity,country_equity,country_equity,very_high,2026-06-24,2026-06-24,197.25999450683594,2026-06-17,-0.03813149626681245,59,-0.03026194402608362,2026-05-22,0.08366750442054749,2,0.09776414350013718,2025-12-24,1.085200821232557,1,1.0174748960959983,2025-06-24,1.776194398425547,1,1.5543932272932979,0.9662648704061396,-0.19155512271073272,21,0.35,-0.10009125340721037,1.8784150007820792,0.6583859250347515,2.587927476075508,pass,OK; yahoo_chart_adjclose fallback after Tiingo hourly rate limit or delayed EOD row
TAIWAN,EWT,Taiwan Equities,equity,country_equity,country_equity,very_high,2026-06-24,2026-06-24,104.72000122070312,2026-06-17,-0.003710392801672513,32,0.004159159439056315,2026-05-22,0.08137138765802798,4,0.09546802673761767,2025-12-24,0.674716188470085,3,0.6069902633335262,2025-06-24,0.9276857668812033,3,0.7058845957489541,0.48597433069049584,-0.08505275472355034,21,0.6,-0.06105978331506878,0.9276857668812033,0.7457564947507681,1.6637525310803607,pass,OK; yahoo_chart_adjclose fallback after Tiingo hourly rate limit or delayed EOD row
BRAZIL,EWZ,Brazil Equities,equity,country_equity,country_equity,very_high,2026-06-24,2026-06-24,33.849998474121094,2026-06-17,-0.007622460615012816,37,0.0002470916257160116,2026-05-22,-0.060427552458274136,56,-0.046330913378684446,2025-12-24,0.08678047627740337,28,0.019054551140844644,2025-06-24,0.2641049955556898,24,0.042303824423440606,0.20812500210650078,-0.07673341228138586,21,0.3,-0.18111074915260184,0.33369745993887157,0.511077198131756,1.0334623296753296,pass,OK; yahoo_chart_adjclose fallback after Tiingo hourly rate limit or delayed EOD row
MEXICO,EWW,Mexico Equities,equity,country_equity,country_equity,high,2026-06-24,2026-06-24,73.79000091552734,2026-06-17,-0.04553093719086687,60,-0.037661384950138044,2026-05-22,-0.03709010907526211,53,-0.022993469995672422,2025-12-24,0.05533300460801027,37,-0.012392920528548457,2025-06-24,0.2888481118463637,20,0.06704694071411454,0.2333734790044912,-0.06473088656686443,21,0.35,-0.07822390180177918,0.292778185714871,0.5311645843498657,0.9285832798195474,pass,OK; yahoo_chart_adjclose fallback after Tiingo hourly rate limit or delayed EOD row
SOUTH_AFRICA,EZA,South Africa Equities,equity,country_equity,country_equity,very_high,2026-06-24,2026-06-24,62.18000030517578,2026-06-17,-0.06510301747075087,65,-0.05723346523002204,2026-05-22,-0.055970153575786274,55,-0.041873514496196584,2025-12-24,-0.0912092786549189,63,-0.15893520379147763,2025-06-24,0.2536337049446813,26,0.03183253381243212,0.3760595876162005,-0.09511532106346776,21,0.5,-0.2212910903425005,0.27316213301748715,0.6201430405488322,1.6021379579447659,pass,OK; yahoo_chart_adjclose fallback after Tiingo hourly rate limit or delayed EOD row
MORTGAGE_BACKED_BONDS,MBB,Agency Mortgage-Backed Bonds,bond,securitized_bonds,bonds_and_rates,medium,2026-06-24,2026-06-24,94.75,2026-06-17,0.005945403376989011,16,0.013814955617717839,2026-05-22,0.010672095081239785,28,0.024768734160829475,2025-12-24,0.010478764324830525,49,-0.057247160811728204,2025-06-24,0.057064737455972514,51,-0.16473643367627666,0.04639853728726712,-0.00801426869697175,21,0.65,-0.008540520871262669,0.06540268324815623,0.32062537051461065,0.114704466985511,pass,OK; yahoo_chart_adjclose fallback after Tiingo hourly rate limit or delayed EOD row
MUNICIPAL_BONDS,MUB,Municipal Bonds,bond,municipal_bonds,bonds_and_rates,low,2026-06-24,2026-06-24,107.45999908447266,2026-06-17,0.0044867798885515064,20,0.012356332129280334,2026-05-22,0.014801625152733644,23,0.028898264232323334,2025-12-24,0.01807747466424936,44,-0.04964845047230937,2025-06-24,0.06463463636275679,49,-0.15716653476949238,0.023776167264764936,-0.003451840079808588,21,0.55,-0.002828964564562164,0.07174735641302643,0.30895408735116797,0.07168061833924566,pass,OK; yahoo_chart_adjclose fallback after Tiingo hourly rate limit or delayed EOD row
EMERGING_MARKET_BONDS,EMB,Emerging Market USD Bonds,bond,emerging_market_debt,credit,high,2026-06-24,2026-06-24,96.56999969482422,2026-06-17,0.003012057739968599,22,0.010881609980697426,2026-05-22,0.01901143286307505,20,0.03310807194266474,2025-12-24,0.022263937059358696,43,-0.04546198807720003,2025-06-24,0.10512112035972598,43,-0.11668005077252319,0.06214188920931073,-0.010180795088147399,21,0.55,-0.0016541265021873253,0.10575820336632935,0.6625404273640599,0.3015536765797588,pass,OK; yahoo_chart_adjclose fallback after Tiingo hourly rate limit or delayed EOD row
INTERNATIONAL_BONDS,BNDX,International Aggregate Bonds,bond,international_bonds,bonds_and_rates,medium,2026-06-24,2026-06-24,48.5,2026-06-17,0.003932904601696485,21,0.011802456842425313,2026-05-22,0.011541243430324144,26,0.025637882509913834,2025-12-24,0.013129098659805605,47,-0.054596826476753124,2025-06-24,0.024636849433559815,62,-0.19716432169868936,0.03314905382159868,-0.00655380122765592,21,0.6,-0.005231889079069241,0.029979956114405848,0.39939506931036806,0.11144014024560704,pass,OK; yahoo_chart_adjclose fallback after Tiingo hourly rate limit or delayed EOD row
SILVER,SLV,Silver,commodity,precious_metals,commodities,high,2026-06-24,2026-06-24,51.779998779296875,2026-06-17,-0.14568555918388515,70,-0.13781600694315632,2026-05-22,-0.24253952140170143,69,-0.22844288232211174,2025-12-24,-0.20607179070612958,68,-0.2737977158426883,2025-06-24,0.5878564185877408,7,0.3660552474554917,0.5337647753394772,-0.25731500469450685,21,0.35,-0.5096590953835443,0.5878564185877408,0.34478354964121966,1.6852933949042446,pass,OK; yahoo_chart_adjclose fallback after Tiingo hourly rate limit or delayed EOD row
COPPER,CPER,Copper,commodity,industrial_metals,commodities,high,2026-06-24,2026-06-24,36.310001373291016,2026-06-17,-0.060300156655323955,64,-0.05243060441459513,2026-05-22,-0.06706055802789945,57,-0.05296391894830976,2025-12-24,0.06169592290296233,34,-0.006030002233596399,2025-06-24,0.18312156211912467,37,-0.038679609013124505,0.33889819862753306,-0.10566495719364555,21,0.5,-0.10566495719364555,0.33443596453523083,0.4446605107244379,1.257823107156039,pass,OK; yahoo_chart_adjclose fallback after Tiingo hourly rate limit or delayed EOD row
AGRICULTURE,DBA,Agriculture Commodities,commodity,agriculture,commodities,high,2026-06-24,2026-06-24,26.559999465942383,2026-06-17,-0.010432216283669082,41,-0.0025626640429402547,2026-05-22,-0.036284470949854764,52,-0.022187831870265073,2025-12-24,0.035477577424784856,42,-0.03224834771177387,2025-06-24,0.04670491506184837,55,-0.1750962560704008,0.09272394730620848,-0.04858593750162088,21,0.3,-0.07553080789659605,0.0740778050047155,0.08089051159120907,0.0686506471328634,pass,OK; yahoo_chart_adjclose fallback after Tiingo hourly rate limit or delayed EOD row
OIL,USO,Crude Oil,commodity,energy_commodities,commodities,very_high,2026-06-24,2026-06-24,106.29000091552734,2026-06-17,-0.06950890491175232,67,-0.061639352671023495,2026-05-22,-0.24574224881766582,70,-0.23164560973807613,2025-12-24,0.5141026429658393,4,0.44637671782928057,2025-06-24,0.4560274098017445,10,0.23422623866949532,0.4303287516523771,-0.2454209821456137,21,0.3,-0.3051124722140117,0.6063171203986979,-0.29324850175423123,-1.0279223655272418,pass,OK; yahoo_chart_adjclose fallback after Tiingo hourly rate limit or delayed EOD row
US_DOLLAR,UUP,US Dollar,currency,currency,currencies,medium,2026-06-24,2026-06-24,28.530000686645508,2026-06-17,0.012420169541497161,10,0.02028972178222599,2026-05-22,0.02736767073654711,15,0.0414643098161368,2025-12-24,0.05862708270787165,35,-0.009098842428687082,2025-06-24,0.08671716965871146,46,-0.13508400147353772,0.047991237309381346,-0.004278036903695104,21,0.55,0.0,0.09885925469582846,-0.27225975947562564,-0.13217823203594517,pass,OK; yahoo_chart_adjclose fallback after Tiingo hourly rate limit or delayed EOD row
EURO,FXE,Euro,currency,currency,currencies,medium,2026-06-24,2026-06-24,104.7699966430664,2026-06-17,-0.01206983848993104,42,-0.004200286249202212,2026-05-22,-0.021164576689220782,49,-0.007067937609631092,2025-12-24,-0.03238182141668089,59,-0.10010774655323962,2025-06-24,-0.015633480873958105,64,-0.23743465200620728,0.05384177016016627,-0.026617717378037087,21,0.45,-0.05403657018249275,0.0014816114559284,0.25467577417751114,0.1272320077219709,pass,OK; yahoo_chart_adjclose fallback after Tiingo hourly rate limit or delayed EOD row
YEN,FXY,Japanese Yen,currency,currency,currencies,high,2026-06-24,2026-06-24,56.70000076293945,2026-06-17,-0.006831308260747293,36,0.0010382439799815346,2026-05-22,-0.017331022301169452,47,-0.003234383221579762,2025-12-24,-0.0386571515258175,60,-0.10638307666237623,2025-06-24,-0.10863071499935828,67,-0.33043188613160746,0.028016757382463016,-0.01647876388195757,21,0.2,-0.11585836283631701,0.0,0.12676212189009917,0.08293402453564504,pass,OK; yahoo_chart_adjclose fallback after Tiingo hourly rate limit or delayed EOD row
BITCOIN_ETF,IBIT,Bitcoin ETF,crypto_proxy,crypto_asset,crypto_proxies,very_high,2026-06-24,2026-06-24,33.869998931884766,2026-06-17,-0.06848189319771081,66,-0.06061234095698198,2026-05-22,-0.21159218683208392,67,-0.19749554775249423,2025-12-24,-0.3152042143381716,69,-0.3829301394747303,2025-06-24,-0.43606396674264936,70,-0.6578651378748985,0.4757997307659384,-0.21214241429420877,21,0.25,-0.5248983237913285,0.0,0.5122372265563729,1.8298165130558717,pass,OK; yahoo_chart_adjclose fallback after Tiingo hourly rate limit or delayed EOD row
ETHEREUM_ETF,ETHA,Ethereum ETF,crypto_proxy,crypto_asset,crypto_proxies,very_high,2026-06-24,2026-06-24,11.920000076293945,2026-06-17,-0.08798773109273128,68,-0.08011817885200245,2026-05-22,-0.2344251567161948,68,-0.2203285176366051,2025-12-24,-0.4623364891622248,70,-0.5300624142987835,2025-06-24,-0.3539295618763513,69,-0.5757307330086004,0.7073137374740012,-0.24007682634280492,21,0.25,-0.674227930402157,0.004212316025014706,0.5394195649156223,3.0012149774460206,pass,OK; yahoo_chart_adjclose fallback after Tiingo hourly rate limit or delayed EOD row
